Seed,Accuracy,Precision,Recall,F1,Balanced Accuracy,ROC-AUC,PR-AUC,TN,FP,FN,TP,Training Time
3,0.9789846433083617,0.0,0.0,0.0,0.5,0.6035205353854723,0.05187153906480802,55016,0,1181,0,40.8031418999999
6,0.9789846433083617,0.0,0.0,0.0,0.5,0.6103713020379753,0.06262130481190051,55016,0,1181,0,38.27755890000117
9,0.9789846433083617,0.0,0.0,0.0,0.5,0.5680461658017244,0.07838144335414506,55016,0,1181,0,38.11493089999931
12,0.9789846433083617,0.0,0.0,0.0,0.5,0.5723983444058826,0.061367561397826814,55016,0,1181,0,41.82558609999978
15,0.9784686015267718,0.17777777777777778,0.006773920406435224,0.013050570962479609,0.5030506943896361,0.585462090806437,0.07946747922307829,54979,37,1173,8,38.21034839999993
18,0.9789846433083617,0.0,0.0,0.0,0.5,0.585207904109675,0.061328616922941295,55016,0,1181,0,38.07416120000198
21,0.9789846433083617,0.0,0.0,0.0,0.5,0.6763332769824977,0.0806228322059949,55016,0,1181,0,36.16931950000071
24,0.9789846433083617,0.0,0.0,0.0,0.5,0.6044368418356812,0.06857236813251585,55016,0,1181,0,1714.1270181
27,0.9789846433083617,0.0,0.0,0.0,0.5,0.6982133332438614,0.10866799662298576,55016,0,1181,0,110.10636039999736
30,0.9789490542199761,0.25,0.000846740050804403,0.0016877637130801688,0.5003961052297063,0.6022752198821509,0.06260269911904334,55013,3,1180,1,111.8222835000015
