Seed,Accuracy,Precision,Recall,F1,Balanced accuracy,ROC-AUC,PR-AUC,Training seconds,True negatives,False positives,False negatives,True positives
3,0.783749843023986,0.08771796815769523,0.9821731748726655,0.1610523385300668,0.8808195566645644,0.930587092249899,0.15282690630051354,99.70782730000792,42530,12033,21,1157
6,0.8138174772609031,0.0983234369542438,0.9558573853989814,0.17830562153602533,0.8833041302670731,0.9370295756619342,0.1739386430292379,95.54450370000268,44237,10326,52,1126
9,0.8269675822105811,0.10636913063691307,0.9711375212224108,0.1917371993631107,0.897496257266448,0.9366900979901834,0.1641457203419703,95.15306229999987,44952,9611,34,1144
12,0.7778475448951401,0.08521507366550678,0.9770797962648556,0.15675859720803542,0.8753129861224577,0.9201317789467025,0.12357460495113726,96.21816059999401,42207,12356,27,1151
15,0.7313467645000987,0.07239819004524888,0.9915110356536503,0.13494309976315638,0.8586204629361482,0.9208306642121801,0.1375762692901263,94.92669800001022,39598,14965,10,1168
18,0.8507561758848963,0.1187399893219434,0.9439728353140917,0.21094565114293845,0.8963582447193408,0.933122618619364,0.1654064062893521,96.982984199989,46310,8253,66,1112
21,0.7390610143341526,0.07438069158759472,0.9915110356536503,0.13838042769978082,0.8625608621077481,0.9146188840382545,0.12322139891534988,88.94488080000156,40028,14535,10,1168
24,0.7970614090167022,0.09268488745980707,0.9787775891341256,0.1693347040681451,0.8859578981720699,0.9277364288510965,0.15323763530970533,85.28554850000364,43276,11287,25,1153
27,0.8170825783534562,0.10118521139218115,0.9711375212224108,0.1832745914770907,0.892447048095398,0.9343644736834327,0.16162000574595994,90.55398029999924,44401,10162,34,1144
30,0.8009005938178361,0.09483744486195066,0.9855687606112055,0.17302533532041728,0.8912412100253762,0.9357855580224128,0.1601896446671252,96.5098971999978,43482,11081,17,1161
