Configuration,Metric,mean,std,min,max
Full preprocessed - default eLCS,Accuracy,0.9788252812113166,9.188655791251735e-05,0.9785974417394736,0.9788665434778708
Full preprocessed - default eLCS,Precision,0.03222222222222222,0.07378647873726218,0.0,0.2222222222222222
Full preprocessed - default eLCS,Recall,0.0005942275042444822,0.00160319360206172,0.0,0.0050933786078098476
Full preprocessed - default eLCS,F1,0.0011642007907568073,0.003134971013885743,0.0,0.00995850622406639
Full preprocessed - default eLCS,Balanced accuracy,0.5002696225951111,0.0007403063948708522,0.5,0.5023542512048268
Full preprocessed - default eLCS,ROC-AUC,0.551394250511558,0.0522122867108749,0.43736217665490773,0.6010358518604076
Full preprocessed - default eLCS,PR-AUC,0.03755441196767984,0.011335910620799203,0.022186497125325055,0.055318158618956045
Full preprocessed - default eLCS,Training seconds,11.561169249995146,0.3657692003440787,11.185162333073094,12.375019416911528
Undersampling only - default eLCS,Accuracy,0.9755565920955851,0.0035290563517808298,0.9672413483791106,0.9788127231301914
Undersampling only - default eLCS,Precision,0.20681064761991236,0.0256579139313074,0.17101449275362318,0.2564102564102564
Undersampling only - default eLCS,Recall,0.050169779286926994,0.04797487544753658,0.0008488964346349745,0.15959252971137522
Undersampling only - default eLCS,F1,0.07050200056049548,0.05133711595343928,0.0016906170752324597,0.17075386012715713
Undersampling only - default eLCS,Balanced accuracy,0.5228526076941572,0.02168401323565753,0.5003877933413026,0.5721353957685773
Undersampling only - default eLCS,ROC-AUC,0.7692754644115226,0.029356314149197357,0.734272794486534,0.8097913450743236
Undersampling only - default eLCS,PR-AUC,0.10160124471954335,0.012216892633887972,0.08273555642354516,0.11393871107858776
Undersampling only - default eLCS,Training seconds,5.391884983179625,0.3153376785179519,5.083848582929932,6.18373337504454
Undersampled - improved eLCS,Accuracy,0.9784539208123284,0.00043584595799114927,0.9775389749017779,0.9788665434778708
Undersampled - improved eLCS,Precision,0.25972763320180936,0.13328506249926278,0.0,0.5
Undersampled - improved eLCS,Recall,0.009337860780984721,0.008840124137981499,0.0,0.027164685908319185
Undersampled - improved eLCS,F1,0.017485749661834367,0.01589435661626654,0.0,0.049268668206312545
Undersampled - improved eLCS,Balanced accuracy,0.5043573639443659,0.004121129860596038,0.4999725088429888,0.5127667719628285
Undersampled - improved eLCS,ROC-AUC,0.9259480474075124,0.004894413376653039,0.9168766672639937,0.9331127781231501
Undersampled - improved eLCS,PR-AUC,0.17834518607424238,0.0028639566537967524,0.1751898979728022,0.18404196240282827
Undersampled - improved eLCS,Training seconds,224.3874343042029,21.296679845794575,196.60114108293783,272.0245649580611
