Seed,Accuracy,Precision,Recall,F1,Balanced accuracy,ROC-AUC,PR-AUC,True negatives,False positives,False negatives,True positives,Positive predictions,Training seconds
3,0.9786871423189394,0.32142857142857145,0.007640067911714771,0.014925373134328358,0.5036459232947866,0.9194516878621362,0.17878471801506543,54544,19,1169,9,28,224.32726462499704
6,0.9788127231301914,0.38461538461538464,0.004244482173174873,0.008396305625524769,0.5020489313345577,0.9295429105844752,0.17978654358434465,54555,8,1173,5,13,211.29099662508816
9,0.9775389749017779,0.20634920634920634,0.022071307300509338,0.03987730061349693,0.5101192817498826,0.9269414878960964,0.1751898979728022,54463,100,1152,26,126,272.0245649580611
12,0.9788665434778708,0.5,0.0008488964346349745,0.001694915254237288,0.5004152844983137,0.9287172579464302,0.1766647684307534,54562,1,1177,1,2,203.43273916700855
15,0.9784718609282216,0.2708333333333333,0.011035653650254669,0.021207177814029365,0.5051970966599971,0.9331127781231501,0.17884909179149258,54528,35,1165,13,48,220.1665643750457
18,0.9778439568719614,0.2644628099173554,0.027164685908319185,0.049268668206312545,0.5127667719628285,0.9168766672639937,0.17658353111872205,54474,89,1146,32,121,196.60114108293783
21,0.9784180405805422,0.1951219512195122,0.006791171477079796,0.013125512715340444,0.5030931830114171,0.9290566033743582,0.18169933769798674,54530,33,1170,8,41,222.77499004197307
24,0.978525681275901,0.1724137931034483,0.004244482173174873,0.008285004142502071,0.5019023118304982,0.9236979358792955,0.17588092208605174,54539,24,1173,5,29,229.99223375006113
27,0.9785615615076874,0.28205128205128205,0.00933786078098472,0.018077239112571898,0.5044123462583882,0.9273548587485062,0.18404196240282827,54535,28,1167,11,39,243.3184234999353
30,0.9788127231301914,0.0,0.0,0.0,0.4999725088429888,0.9247282863966816,0.17597108764237696,54560,3,1178,0,3,219.94542491692118
