Model,Balanced accuracy,Recall,Precision,F1,ROC-AUC,PR-AUC
"Original eLCS
Raw/minimal",0.5000 ± 0.0000,0.0000 ± 0.0000,0.0000 ± 0.0000,0.0000 ± 0.0000,0.6868 ± 0.0374,0.1825 ± 0.0461
"Original eLCS
Preprocessed",0.5003 ± 0.0007,0.0006 ± 0.0016,0.0322 ± 0.0738,0.0012 ± 0.0031,0.5514 ± 0.0522,0.0376 ± 0.0113
"Improved eLCS
Undersampled",0.5044 ± 0.0041,0.0093 ± 0.0088,0.2597 ± 0.1333,0.0175 ± 0.0159,0.9259 ± 0.0049,0.1783 ± 0.0029
"Logistic
Regression",0.6254 ± 0.0000,0.2844 ± 0.0000,0.1548 ± 0.0000,0.2005 ± 0.0000,0.8764 ± 0.0000,0.1247 ± 0.0000
"Decision
Tree",0.7376 ± 0.0021,0.5358 ± 0.0041,0.1601 ± 0.0013,0.2466 ± 0.0019,0.8558 ± 0.0020,0.1347 ± 0.0018
"Random
Forest",0.7879 ± 0.0040,0.6445 ± 0.0084,0.1683 ± 0.0014,0.2669 ± 0.0023,0.9269 ± 0.0006,0.1679 ± 0.0012
