Model,Seed,Average precision,Test prevalence,Test records
Original eLCS — raw/minimal,3,0.22412305888922085,0.021015356691638343,56197
Original eLCS — preprocessed,3,0.051937417074336835,0.021133456522129133,55741
Improved eLCS,3,0.17878471801506543,0.021133456522129133,55741
Logistic Regression,3,0.12466284903157031,0.021133456522129133,55741
Decision Tree,3,0.1324461713033101,0.021133456522129133,55741
Random Forest,3,0.16923526080027998,0.021133456522129133,55741
Original eLCS — raw/minimal,6,0.17109389538926645,0.021015356691638343,56197
Original eLCS — preprocessed,6,0.0315635408898812,0.021133456522129133,55741
Improved eLCS,6,0.17978654358434465,0.021133456522129133,55741
Logistic Regression,6,0.12466284903157031,0.021133456522129133,55741
Decision Tree,6,0.1343045425752678,0.021133456522129133,55741
Random Forest,6,0.1657731508165775,0.021133456522129133,55741
Original eLCS — raw/minimal,9,0.07823505860726529,0.021015356691638343,56197
Original eLCS — preprocessed,9,0.022186497125325055,0.021133456522129133,55741
Improved eLCS,9,0.1751898979728022,0.021133456522129133,55741
Logistic Regression,9,0.12466284903157031,0.021133456522129133,55741
Decision Tree,9,0.1372114128410155,0.021133456522129133,55741
Random Forest,9,0.16917485854796008,0.021133456522129133,55741
Original eLCS — raw/minimal,12,0.17870347138585357,0.021015356691638343,56197
Original eLCS — preprocessed,12,0.040086688546764025,0.021133456522129133,55741
Improved eLCS,12,0.1766647684307534,0.021133456522129133,55741
Logistic Regression,12,0.12466284903157031,0.021133456522129133,55741
Decision Tree,12,0.13790472239259066,0.021133456522129133,55741
Random Forest,12,0.16750034800408126,0.021133456522129133,55741
Original eLCS — raw/minimal,15,0.21878081091159082,0.021015356691638343,56197
Original eLCS — preprocessed,15,0.055318158618956045,0.021133456522129133,55741
Improved eLCS,15,0.17884909179149258,0.021133456522129133,55741
Logistic Regression,15,0.12464908261986365,0.021133456522129133,55741
Decision Tree,15,0.13574379926037372,0.021133456522129133,55741
Random Forest,15,0.1663689202279497,0.021133456522129133,55741
Original eLCS — raw/minimal,18,0.243927276188259,0.021015356691638343,56197
Original eLCS — preprocessed,18,0.025778587624782197,0.021133456522129133,55741
Improved eLCS,18,0.17658353111872205,0.021133456522129133,55741
Logistic Regression,18,0.12464908261986365,0.021133456522129133,55741
Decision Tree,18,0.13348067777194664,0.021133456522129133,55741
Random Forest,18,0.16617319962368388,0.021133456522129133,55741
Original eLCS — raw/minimal,21,0.15648003721174586,0.021015356691638343,56197
Original eLCS — preprocessed,21,0.04626895118299604,0.021133456522129133,55741
Improved eLCS,21,0.18169933769798674,0.021133456522129133,55741
Logistic Regression,21,0.12464908261986365,0.021133456522129133,55741
Decision Tree,21,0.1309350216402599,0.021133456522129133,55741
Random Forest,21,0.16716296747852646,0.021133456522129133,55741
Original eLCS — raw/minimal,24,0.16681246520008064,0.021015356691638343,56197
Original eLCS — preprocessed,24,0.0406219465350475,0.021133456522129133,55741
Improved eLCS,24,0.17588092208605174,0.021133456522129133,55741
Logistic Regression,24,0.12464908261986365,0.021133456522129133,55741
Decision Tree,24,0.1349407341343861,0.021133456522129133,55741
Random Forest,24,0.16986067379390224,0.021133456522129133,55741
Original eLCS — raw/minimal,27,0.20237645427248502,0.021015356691638343,56197
Original eLCS — preprocessed,27,0.035517602804052424,0.021133456522129133,55741
Improved eLCS,27,0.18404196240282827,0.021133456522129133,55741
Logistic Regression,27,0.12464908261986365,0.021133456522129133,55741
Decision Tree,27,0.1333854494049712,0.021133456522129133,55741
Random Forest,27,0.16886640348187754,0.021133456522129133,55741
Original eLCS — raw/minimal,30,0.18452494827277205,0.021015356691638343,56197
Original eLCS — preprocessed,30,0.026264729274657065,0.021133456522129133,55741
Improved eLCS,30,0.17597108764237696,0.021133456522129133,55741
Logistic Regression,30,0.12464908261986365,0.021133456522129133,55741
Decision Tree,30,0.13147241102797738,0.021133456522129133,55741
Random Forest,30,0.1674140331058335,0.021133456522129133,55741
