Model,Seed,Accuracy,Precision,Recall,F1,Balanced accuracy,ROC-AUC,PR-AUC,True negatives,False positives,False negatives,True positives,Positive predictions,Training seconds
Random Forest,3,0.9246873934805618,0.16842336407553798,0.6511035653650254,0.2676203768318213,0.7908487788154233,0.9279522352115389,0.16923324865661657,50776,3787,411,767,4554,1.9880365999997593
Random Forest,6,0.9261226027520137,0.16817155756207675,0.6324278438030561,0.2656918687589158,0.782445617372818,0.9265799488431108,0.1657727839508722,50878,3685,433,745,4430,1.5471480999840423
Random Forest,9,0.9247950341759208,0.16922739244951712,0.6544991511035654,0.2689222183467039,0.7925648991227008,0.9267993802401032,0.1691746466936019,50778,3785,407,771,4556,2.2273631999851204
Random Forest,12,0.9250461957984248,0.1687279151943463,0.6485568760611206,0.2677882930248861,0.7897861997005564,0.9261608759482309,0.1674972472800301,50799,3764,414,764,4528,2.0768385999836028
Random Forest,15,0.92518971672557,0.1687333923826395,0.6468590831918506,0.26765015806111697,0.7890289404559587,0.9265633639119429,0.1665829378877501,50809,3754,416,762,4516,1.9431974999897648
Random Forest,18,0.9246335731328824,0.16448390677025526,0.6290322580645161,0.26077775822628896,0.7800238907022542,0.9271282083946076,0.1670775724776839,50799,3764,437,741,4505,1.6162169999734033
Random Forest,21,0.9245438725534167,0.16812801402893468,0.6511035653650254,0.2672473867595819,0.7907754690633935,0.9271118179396493,0.16757206682133444,50768,3795,411,767,4562,1.579381400020793
Random Forest,24,0.9249026748712796,0.16843033509700175,0.6485568760611206,0.26741337066853343,0.7897128899485266,0.9269795663379667,0.16937332815413694,50791,3772,414,764,4536,1.5386965000070632
Random Forest,27,0.926266123679159,0.16996848266546602,0.6409168081494058,0.26868327402135234,0.7866717721079854,0.925958153947181,0.16859860865058965,50876,3687,423,755,4442,1.4328919000108726
Random Forest,30,0.9254946986957536,0.1684867394695788,0.6417657045840407,0.2669020300088261,0.7866930166891393,0.9274949516309662,0.1678029782020114,50832,3731,422,756,4487,1.7070051000046078
