Model,Mean seconds,Standard deviation,Minimum seconds,Maximum seconds
"Original eLCS
Raw/minimal",13.091344808402937,0.18692381944459546,12.765835333033465,13.35795329202665
"Original eLCS
Preprocessed",11.561169249995146,0.3657692003440792,11.185162333073094,12.375019416911528
"Improved eLCS
Undersampled",224.3874343042029,21.29667984579458,196.60114108293783,272.0245649580611
"Logistic
Regression",0.24690502000739797,0.052792683059173895,0.198581100004958,0.3508865000039805
"Decision
Tree",0.3278903799975524,0.14300508856284264,0.1654023000155575,0.5540434000140522
"Random
Forest",1.765677589995903,0.271096680685626,1.4328919000108726,2.2273631999851204
