Feature,Specificity count,Accuracy-weighted count,Average rule accuracy
hypertension,420,404.42415779428603,0.9629146614149667
blood_pressure,377,367.98436930522973,0.9760858602260736
bmi,376,368.6951342190239,0.9805721654761274
ldl,374,361.62597006452535,0.9669143584612977
age_normalized,372,355.4065897856759,0.9553940585636449
homocysteine_level,371,362.888109153999,0.9781350651051186
age,357,347.5386463458825,0.9734976088119959
crp_level,356,342.8823534910927,0.963152678345766
glucose,350,342.0737443852145,0.9773535553863272
low_hdl_cholesterol,341,328.9377880784104,0.9646269445114675
diabetes,333,323.38699594164007,0.971132119944865
sleep_hours,330,316.9635335296632,0.9604955561504945
hdl,324,308.40527592580605,0.9518681355734755
cholesterol,319,314.3740705173895,0.9854986536595282
HbA1c_level,314,307.68103563121804,0.9798759096535606
heart_rate,314,303.66422341078595,0.967083514047089
family_history,310,298.7561066420797,0.9637293762647733
high_ldl_cholesterol,299,294.71277229793895,0.9856614458125048
triglycerides,295,287.906751771961,0.9759550907524102
diastolic_bp,293,290.00682078290373,0.989784371272709
smoking,290,279.22619245937716,0.9628489395150936
stress_level,288,277.9131952974369,0.9649763725605448
sugar_consumption,288,278.5091792734535,0.967045761366158
alcohol_intake,288,278.85448011545805,0.9682447226231182
high_blood_pressure,286,276.36691316809356,0.9663178782101174
age_level,280,270.7917279386274,0.9671133140665263
systolic_bp,275,264.74385157859956,0.9627049148312711
employment_status,275,269.3639667198953,0.979505333526892
gender,273,265.5069851804577,0.9725530592690759
salt_intake,271,263.34718433267733,0.9717608277958573
bmi_level,259,252.14378195988283,0.9735281156752232
education_level,259,247.60187521452755,0.9559917961950871
physical_activity,252,245.8729448824074,0.9756862892159024
