Metric,mean,std,min,max
Accuracy,0.9789846433083615,1.1702778228589004e-16,0.9789846433083617,0.9789846433083617
Precision,0.0,0.0,0.0,0.0
Recall,0.0,0.0,0.0,0.0
F1,0.0,0.0,0.0,0.0
Balanced accuracy,0.5,0.0,0.5,0.5
ROC-AUC,0.686804312919761,0.03743284426726754,0.608623153827808,0.7353789974361398
PR-AUC,0.18250574763285393,0.04613999002835201,0.07823505860726529,0.243927276188259
Positive predictions,0.0,0.0,0.0,0.0
Training seconds,13.091344808402937,0.18692381944459577,12.765835333033465,13.35795329202665
